id,event,path,lineno,caller_path,caller_lineno,owner_with_name,hierarchy
1,call,vendor/bundle/gems/activerecord-5.2.3/lib/active_record/connection_handling.rb,49,(irb),7,ActiveRecord::ConnectionHandling.establish_connection,0
2,call,vendor/bundle/gems/activerecord-5.2.3/lib/active_record/core.rb,59,vendor/bundle/gems/activerecord-5.2.3/lib/active_record/connection_handling.rb,56,ActiveRecord::Base.configurations,1
3,return,vendor/bundle/gems/activerecord-5.2.3/lib/active_record/core.rb,61,vendor/bundle/gems/activerecord-5.2.3/lib/active_record/connection_handling.rb,56,ActiveRecord::Base.configurations,1
4,call,vendor/bundle/gems/activerecord-5.2.3/lib/active_record/connection_adapters/connection_specification.rb,121,vendor/bundle/gems/activerecord-5.2.3/lib/active_record/connection_handling.rb,56,ActiveRecord::ConnectionAdapters::ConnectionSpecification::Resolver#initialize,1
5,return,vendor/bundle/gems/activerecord-5.2.3/lib/active_record/connection_adapters/connection_specification.rb,123,vendor/bundle/gems/activerecord-5.2.3/lib/active_record/connection_handling.rb,56,ActiveRecord::ConnectionAdapters::ConnectionSpecification::Resolver#initialize,1
6,call,vendor/bundle/gems/activerecord-5.2.3/lib/active_record/connection_adapters/connection_specification.rb,141,vendor/bundle/gems/activerecord-5.2.3/lib/active_record/connection_handling.rb,57,ActiveRecord::ConnectionAdapters::ConnectionSpecification::Resolver#resolve,1
7,call,vendor/bundle/gems/activerecord-5.2.3/lib/active_record/connection_adapters/connection_specification.rb,238,vendor/bundle/gems/activerecord-5.2.3/lib/active_record/connection_adapters/connection_specification.rb,143,ActiveRecord::ConnectionAdapters::ConnectionSpecification::Resolver#resolve_connection,2
8,call,vendor/bundle/gems/activerecord-5.2.3/lib/active_record/connection_adapters/connection_specification.rb,268,vendor/bundle/gems/activerecord-5.2.3/lib/active_record/connection_adapters/connection_specification.rb,245,ActiveRecord::ConnectionAdapters::ConnectionSpecification::Resolver#resolve_hash_connection,3
9,return,vendor/bundle/gems/activerecord-5.2.3/lib/active_record/connection_adapters/connection_specification.rb,274,vendor/bundle/gems/activerecord-5.2.3/lib/active_record/connection_adapters/connection_specification.rb,245,ActiveRecord::ConnectionAdapters::ConnectionSpecification::Resolver#resolve_hash_connection,3
10,return,vendor/bundle/gems/activerecord-5.2.3/lib/active_record/connection_adapters/connection_specification.rb,247,vendor/bundle/gems/activerecord-5.2.3/lib/active_record/connection_adapters/connection_specification.rb,143,ActiveRecord::ConnectionAdapters::ConnectionSpecification::Resolver#resolve_connection,2
11,return,vendor/bundle/gems/activerecord-5.2.3/lib/active_record/connection_adapters/connection_specification.rb,149,vendor/bundle/gems/activerecord-5.2.3/lib/active_record/connection_handling.rb,57,ActiveRecord::ConnectionAdapters::ConnectionSpecification::Resolver#resolve,1
12,call,vendor/bundle/gems/activesupport-5.2.3/lib/active_support/core_ext/hash/keys.rb,56,vendor/bundle/gems/activerecord-5.2.3/lib/active_record/connection_handling.rb,57,Hash#symbolize_keys,1
13,return,vendor/bundle/gems/activesupport-5.2.3/lib/active_support/core_ext/hash/keys.rb,58,vendor/bundle/gems/activerecord-5.2.3/lib/active_record/connection_handling.rb,57,Hash#symbolize_keys,1
14,call,vendor/bundle/gems/activerecord-5.2.3/lib/active_record/core.rb,130,vendor/bundle/gems/activerecord-5.2.3/lib/active_record/connection_handling.rb,60,ActiveRecord::Base.connection_handler,1
15,call,vendor/bundle/gems/activerecord-5.2.3/lib/active_record/runtime_registry.rb,20,vendor/bundle/gems/activerecord-5.2.3/lib/active_record/core.rb,131,ActiveRecord::RuntimeRegistry.connection_handler,2
16,call,vendor/bundle/gems/activesupport-5.2.3/lib/active_support/per_thread_registry.rb,46,vendor/bundle/gems/activerecord-5.2.3/lib/active_record/runtime_registry.rb,20,ActiveSupport::PerThreadRegistry.instance,3
17,return,vendor/bundle/gems/activesupport-5.2.3/lib/active_support/per_thread_registry.rb,48,vendor/bundle/gems/activerecord-5.2.3/lib/active_record/runtime_registry.rb,20,ActiveSupport::PerThreadRegistry.instance,3
18,return,vendor/bundle/gems/activerecord-5.2.3/lib/active_record/runtime_registry.rb,20,vendor/bundle/gems/activerecord-5.2.3/lib/active_record/core.rb,131,ActiveRecord::RuntimeRegistry.connection_handler,2
19,call,vendor/bundle/gems/activesupport-5.2.3/lib/active_support/core_ext/class/attribute.rb,106,vendor/bundle/gems/activerecord-5.2.3/lib/active_record/core.rb,131,ActiveRecord::Base.default_connection_handler,2
20,return,vendor/bundle/gems/activerecord-5.2.3/lib/active_record/core.rb,131,vendor/bundle/gems/activerecord-5.2.3/lib/active_record/connection_handling.rb,60,ActiveRecord::Base.default_connection_handler,1
21,return,vendor/bundle/gems/activerecord-5.2.3/lib/active_record/core.rb,132,vendor/bundle/gems/activerecord-5.2.3/lib/active_record/connection_handling.rb,60,ActiveRecord::Base.connection_handler,1
22,call,vendor/bundle/gems/activerecord-5.2.3/lib/active_record/connection_adapters/abstract/connection_pool.rb,954,vendor/bundle/gems/activerecord-5.2.3/lib/active_record/connection_handling.rb,60,ActiveRecord::ConnectionAdapters::ConnectionHandler#establish_connection,1
23,call,vendor/bundle/gems/activerecord-5.2.3/lib/active_record/core.rb,59,vendor/bundle/gems/activerecord-5.2.3/lib/active_record/connection_adapters/abstract/connection_pool.rb,955,ActiveRecord::Base.configurations,2
24,return,vendor/bundle/gems/activerecord-5.2.3/lib/active_record/core.rb,61,vendor/bundle/gems/activerecord-5.2.3/lib/active_record/connection_adapters/abstract/connection_pool.rb,955,ActiveRecord::Base.configurations,2
25,call,vendor/bundle/gems/activerecord-5.2.3/lib/active_record/connection_adapters/connection_specification.rb,121,vendor/bundle/gems/activerecord-5.2.3/lib/active_record/connection_adapters/abstract/connection_pool.rb,955,ActiveRecord::ConnectionAdapters::ConnectionSpecification::Resolver#initialize,2
26,return,vendor/bundle/gems/activerecord-5.2.3/lib/active_record/connection_adapters/connection_specification.rb,123,vendor/bundle/gems/activerecord-5.2.3/lib/active_record/connection_adapters/abstract/connection_pool.rb,955,ActiveRecord::ConnectionAdapters::ConnectionSpecification::Resolver#initialize,2
27,call,vendor/bundle/gems/activerecord-5.2.3/lib/active_record/connection_adapters/connection_specification.rb,181,vendor/bundle/gems/activerecord-5.2.3/lib/active_record/connection_adapters/abstract/connection_pool.rb,956,ActiveRecord::ConnectionAdapters::ConnectionSpecification::Resolver#spec,2
28,call,vendor/bundle/gems/activerecord-5.2.3/lib/active_record/connection_adapters/connection_specification.rb,141,vendor/bundle/gems/activerecord-5.2.3/lib/active_record/connection_adapters/connection_specification.rb,182,ActiveRecord::ConnectionAdapters::ConnectionSpecification::Resolver#resolve,3
29,call,vendor/bundle/gems/activerecord-5.2.3/lib/active_record/connection_adapters/connection_specification.rb,238,vendor/bundle/gems/activerecord-5.2.3/lib/active_record/connection_adapters/connection_specification.rb,143,ActiveRecord::ConnectionAdapters::ConnectionSpecification::Resolver#resolve_connection,4
30,call,vendor/bundle/gems/activerecord-5.2.3/lib/active_record/connection_adapters/connection_specification.rb,268,vendor/bundle/gems/activerecord-5.2.3/lib/active_record/connection_adapters/connection_specification.rb,245,ActiveRecord::ConnectionAdapters::ConnectionSpecification::Resolver#resolve_hash_connection,5
31,return,vendor/bundle/gems/activerecord-5.2.3/lib/active_record/connection_adapters/connection_specification.rb,274,vendor/bundle/gems/activerecord-5.2.3/lib/active_record/connection_adapters/connection_specification.rb,245,ActiveRecord::ConnectionAdapters::ConnectionSpecification::Resolver#resolve_hash_connection,5
32,return,vendor/bundle/gems/activerecord-5.2.3/lib/active_record/connection_adapters/connection_specification.rb,247,vendor/bundle/gems/activerecord-5.2.3/lib/active_record/connection_adapters/connection_specification.rb,143,ActiveRecord::ConnectionAdapters::ConnectionSpecification::Resolver#resolve_connection,4
33,return,vendor/bundle/gems/activerecord-5.2.3/lib/active_record/connection_adapters/connection_specification.rb,149,vendor/bundle/gems/activerecord-5.2.3/lib/active_record/connection_adapters/connection_specification.rb,182,ActiveRecord::ConnectionAdapters::ConnectionSpecification::Resolver#resolve,3
34,call,vendor/bundle/gems/activesupport-5.2.3/lib/active_support/core_ext/hash/keys.rb,56,vendor/bundle/gems/activerecord-5.2.3/lib/active_record/connection_adapters/connection_specification.rb,182,Hash#symbolize_keys,3
35,return,vendor/bundle/gems/activesupport-5.2.3/lib/active_support/core_ext/hash/keys.rb,58,vendor/bundle/gems/activerecord-5.2.3/lib/active_record/connection_adapters/connection_specification.rb,182,Hash#symbolize_keys,3
36,call,vendor/bundle/gems/activesupport-5.2.3/lib/active_support/dependencies.rb,289,vendor/bundle/gems/activerecord-5.2.3/lib/active_record/connection_adapters/connection_specification.rb,191,ActiveSupport::Dependencies::Loadable#require,3
37,call,vendor/bundle/gems/activesupport-5.2.3/lib/active_support/dependencies.rb,251,vendor/bundle/gems/activesupport-5.2.3/lib/active_support/dependencies.rb,291,ActiveSupport::Dependencies::Loadable#load_dependency,4
38,call,vendor/bundle/gems/activesupport-5.2.3/lib/active_support/dependencies.rb,328,vendor/bundle/gems/activesupport-5.2.3/lib/active_support/dependencies.rb,252,ActiveSupport::Dependencies.load?,5
39,call,vendor/bundle/gems/activesupport-5.2.3/lib/active_support/core_ext/module/attribute_accessors.rb,60,vendor/bundle/gems/activesupport-5.2.3/lib/active_support/dependencies.rb,329,ActiveSupport::Dependencies.mechanism,6
40,return,vendor/bundle/gems/activesupport-5.2.3/lib/active_support/core_ext/module/attribute_accessors.rb,62,vendor/bundle/gems/activesupport-5.2.3/lib/active_support/dependencies.rb,329,ActiveSupport::Dependencies.mechanism,6
41,return,vendor/bundle/gems/activesupport-5.2.3/lib/active_support/dependencies.rb,330,vendor/bundle/gems/activesupport-5.2.3/lib/active_support/dependencies.rb,252,ActiveSupport::Dependencies.load?,5
42,call,vendor/bundle/gems/activesupport-5.2.3/lib/active_support/core_ext/module/attribute_accessors.rb,60,vendor/bundle/gems/activesupport-5.2.3/lib/active_support/dependencies.rb,252,ActiveSupport::Dependencies.constant_watch_stack,5
43,return,vendor/bundle/gems/activesupport-5.2.3/lib/active_support/core_ext/module/attribute_accessors.rb,62,vendor/bundle/gems/activesupport-5.2.3/lib/active_support/dependencies.rb,252,ActiveSupport::Dependencies.constant_watch_stack,5
44,call,vendor/bundle/gems/activesupport-5.2.3/lib/active_support/dependencies.rb,111,vendor/bundle/gems/activesupport-5.2.3/lib/active_support/dependencies.rb,252,ActiveSupport::Dependencies::WatchStack#watching?,5
45,return,vendor/bundle/gems/activesupport-5.2.3/lib/active_support/dependencies.rb,113,vendor/bundle/gems/activesupport-5.2.3/lib/active_support/dependencies.rb,252,ActiveSupport::Dependencies::WatchStack#watching?,5
46,return,vendor/bundle/gems/activesupport-5.2.3/lib/active_support/dependencies.rb,262,vendor/bundle/gems/activesupport-5.2.3/lib/active_support/dependencies.rb,291,ActiveSupport::Dependencies::Loadable#load_dependency,4
47,return,vendor/bundle/gems/activesupport-5.2.3/lib/active_support/dependencies.rb,293,vendor/bundle/gems/activerecord-5.2.3/lib/active_record/connection_adapters/connection_specification.rb,191,ActiveSupport::Dependencies::Loadable#require,3
48,call,vendor/bundle/gems/activerecord-5.2.3/lib/active_record/connection_adapters/connection_specification.rb,10,vendor/bundle/gems/activerecord-5.2.3/lib/active_record/connection_adapters/connection_specification.rb,213,ActiveRecord::ConnectionAdapters::ConnectionSpecification#initialize,3
49,return,vendor/bundle/gems/activerecord-5.2.3/lib/active_record/connection_adapters/connection_specification.rb,12,vendor/bundle/gems/activerecord-5.2.3/lib/active_record/connection_adapters/connection_specification.rb,213,ActiveRecord::ConnectionAdapters::ConnectionSpecification#initialize,3
50,return,vendor/bundle/gems/activerecord-5.2.3/lib/active_record/connection_adapters/connection_specification.rb,214,vendor/bundle/gems/activerecord-5.2.3/lib/active_record/connection_adapters/abstract/connection_pool.rb,956,ActiveRecord::ConnectionAdapters::ConnectionSpecification::Resolver#spec,2
51,call,vendor/bundle/gems/activerecord-5.2.3/lib/active_record/connection_adapters/abstract/connection_pool.rb,1028,vendor/bundle/gems/activerecord-5.2.3/lib/active_record/connection_adapters/abstract/connection_pool.rb,958,ActiveRecord::ConnectionAdapters::ConnectionHandler#remove_connection,2
52,call,vendor/bundle/gems/activerecord-5.2.3/lib/active_record/connection_adapters/abstract/connection_pool.rb,1058,vendor/bundle/gems/activerecord-5.2.3/lib/active_record/connection_adapters/abstract/connection_pool.rb,1029,ActiveRecord::ConnectionAdapters::ConnectionHandler#owner_to_pool,3
53,call,vendor/bundle/gems/concurrent-ruby-1.1.5/lib/concurrent/map.rb,132,vendor/bundle/gems/activerecord-5.2.3/lib/active_record/connection_adapters/abstract/connection_pool.rb,1059,Concurrent::Map#[],4
54,call,vendor/bundle/gems/concurrent-ruby-1.1.5/lib/concurrent/collection/map/non_concurrent_map_backend.rb,19,vendor/bundle/gems/concurrent-ruby-1.1.5/lib/concurrent/map.rb,133,Concurrent::Map#[],5
55,return,vendor/bundle/gems/concurrent-ruby-1.1.5/lib/concurrent/collection/map/non_concurrent_map_backend.rb,21,vendor/bundle/gems/concurrent-ruby-1.1.5/lib/concurrent/map.rb,133,Concurrent::Map#[],5
56,return,vendor/bundle/gems/concurrent-ruby-1.1.5/lib/concurrent/map.rb,144,vendor/bundle/gems/activerecord-5.2.3/lib/active_record/connection_adapters/abstract/connection_pool.rb,1059,Concurrent::Map#[],4
57,return,vendor/bundle/gems/activerecord-5.2.3/lib/active_record/connection_adapters/abstract/connection_pool.rb,1060,vendor/bundle/gems/activerecord-5.2.3/lib/active_record/connection_adapters/abstract/connection_pool.rb,1029,ActiveRecord::ConnectionAdapters::ConnectionHandler#owner_to_pool,3
58,call,vendor/bundle/gems/concurrent-ruby-1.1.5/lib/concurrent/collection/map/mri_map_backend.rb,53,vendor/bundle/gems/activerecord-5.2.3/lib/active_record/connection_adapters/abstract/connection_pool.rb,1029,Concurrent::Collection::MriMapBackend#delete,3
59,call,vendor/bundle/gems/concurrent-ruby-1.1.5/lib/concurrent/collection/map/non_concurrent_map_backend.rb,79,vendor/bundle/gems/concurrent-ruby-1.1.5/lib/concurrent/collection/map/mri_map_backend.rb,54,Concurrent::Collection::MriMapBackend#delete,4
60,return,vendor/bundle/gems/concurrent-ruby-1.1.5/lib/concurrent/collection/map/non_concurrent_map_backend.rb,81,vendor/bundle/gems/concurrent-ruby-1.1.5/lib/concurrent/collection/map/mri_map_backend.rb,54,Concurrent::Collection::MriMapBackend#delete,4
61,return,vendor/bundle/gems/concurrent-ruby-1.1.5/lib/concurrent/collection/map/mri_map_backend.rb,55,vendor/bundle/gems/activerecord-5.2.3/lib/active_record/connection_adapters/abstract/connection_pool.rb,1029,Concurrent::Collection::MriMapBackend#delete,3
62,call,vendor/bundle/gems/activerecord-5.2.3/lib/active_record/connection_adapters/abstract/connection_pool.rb,454,vendor/bundle/gems/activerecord-5.2.3/lib/active_record/connection_adapters/abstract/connection_pool.rb,1031,ActiveRecord::ConnectionAdapters::ConnectionPool#disconnect!,3
63,call,vendor/bundle/gems/activerecord-5.2.3/lib/active_record/connection_adapters/abstract/connection_pool.rb,432,vendor/bundle/gems/activerecord-5.2.3/lib/active_record/connection_adapters/abstract/connection_pool.rb,455,ActiveRecord::ConnectionAdapters::ConnectionPool#disconnect,4
64,call,vendor/bundle/gems/activerecord-5.2.3/lib/active_record/connection_adapters/abstract/connection_pool.rb,675,vendor/bundle/gems/activerecord-5.2.3/lib/active_record/connection_adapters/abstract/connection_pool.rb,433,ActiveRecord::ConnectionAdapters::ConnectionPool#with_exclusively_acquired_all_connections,5
65,call,vendor/bundle/gems/activerecord-5.2.3/lib/active_record/connection_adapters/abstract/connection_pool.rb,748,vendor/bundle/gems/activerecord-5.2.3/lib/active_record/connection_adapters/abstract/connection_pool.rb,676,ActiveRecord::ConnectionAdapters::ConnectionPool#with_new_connections_blocked,6
66,call,/Users/yhirano/.rbenv/versions/2.6.3/lib/ruby/2.6.0/monitor.rb,227,vendor/bundle/gems/activerecord-5.2.3/lib/active_record/connection_adapters/abstract/connection_pool.rb,749,MonitorMixin#mon_synchronize,7
67,call,/Users/yhirano/.rbenv/versions/2.6.3/lib/ruby/2.6.0/monitor.rb,187,/Users/yhirano/.rbenv/versions/2.6.3/lib/ruby/2.6.0/monitor.rb,228,MonitorMixin#mon_enter,8
68,return,/Users/yhirano/.rbenv/versions/2.6.3/lib/ruby/2.6.0/monitor.rb,194,/Users/yhirano/.rbenv/versions/2.6.3/lib/ruby/2.6.0/monitor.rb,228,MonitorMixin#mon_enter,8
69,call,/Users/yhirano/.rbenv/versions/2.6.3/lib/ruby/2.6.0/monitor.rb,199,/Users/yhirano/.rbenv/versions/2.6.3/lib/ruby/2.6.0/monitor.rb,232,MonitorMixin#mon_exit,8
70,call,/Users/yhirano/.rbenv/versions/2.6.3/lib/ruby/2.6.0/monitor.rb,267,/Users/yhirano/.rbenv/versions/2.6.3/lib/ruby/2.6.0/monitor.rb,200,MonitorMixin#mon_check_owner,9
71,return,/Users/yhirano/.rbenv/versions/2.6.3/lib/ruby/2.6.0/monitor.rb,271,/Users/yhirano/.rbenv/versions/2.6.3/lib/ruby/2.6.0/monitor.rb,200,MonitorMixin#mon_check_owner,9
72,return,/Users/yhirano/.rbenv/versions/2.6.3/lib/ruby/2.6.0/monitor.rb,206,/Users/yhirano/.rbenv/versions/2.6.3/lib/ruby/2.6.0/monitor.rb,232,MonitorMixin#mon_exit,8
73,return,/Users/yhirano/.rbenv/versions/2.6.3/lib/ruby/2.6.0/monitor.rb,234,vendor/bundle/gems/activerecord-5.2.3/lib/active_record/connection_adapters/abstract/connection_pool.rb,749,MonitorMixin#mon_synchronize,7
74,call,vendor/bundle/gems/activerecord-5.2.3/lib/active_record/connection_adapters/abstract/connection_pool.rb,682,vendor/bundle/gems/activerecord-5.2.3/lib/active_record/connection_adapters/abstract/connection_pool.rb,677,ActiveRecord::ConnectionAdapters::ConnectionPool#attempt_to_checkout_all_existing_connections,7
75,call,/Users/yhirano/.rbenv/versions/2.6.3/lib/ruby/2.6.0/monitor.rb,227,vendor/bundle/gems/activerecord-5.2.3/lib/active_record/connection_adapters/abstract/connection_pool.rb,683,MonitorMixin#mon_synchronize,8
76,call,/Users/yhirano/.rbenv/versions/2.6.3/lib/ruby/2.6.0/monitor.rb,187,/Users/yhirano/.rbenv/versions/2.6.3/lib/ruby/2.6.0/monitor.rb,228,MonitorMixin#mon_enter,9
77,return,/Users/yhirano/.rbenv/versions/2.6.3/lib/ruby/2.6.0/monitor.rb,194,/Users/yhirano/.rbenv/versions/2.6.3/lib/ruby/2.6.0/monitor.rb,228,MonitorMixin#mon_enter,9
78,call,/Users/yhirano/.rbenv/versions/2.6.3/lib/ruby/2.6.0/monitor.rb,199,/Users/yhirano/.rbenv/versions/2.6.3/lib/ruby/2.6.0/monitor.rb,232,MonitorMixin#mon_exit,9
79,call,/Users/yhirano/.rbenv/versions/2.6.3/lib/ruby/2.6.0/monitor.rb,267,/Users/yhirano/.rbenv/versions/2.6.3/lib/ruby/2.6.0/monitor.rb,200,MonitorMixin#mon_check_owner,10
80,return,/Users/yhirano/.rbenv/versions/2.6.3/lib/ruby/2.6.0/monitor.rb,271,/Users/yhirano/.rbenv/versions/2.6.3/lib/ruby/2.6.0/monitor.rb,200,MonitorMixin#mon_check_owner,10
81,return,/Users/yhirano/.rbenv/versions/2.6.3/lib/ruby/2.6.0/monitor.rb,206,/Users/yhirano/.rbenv/versions/2.6.3/lib/ruby/2.6.0/monitor.rb,232,MonitorMixin#mon_exit,9
82,return,/Users/yhirano/.rbenv/versions/2.6.3/lib/ruby/2.6.0/monitor.rb,234,vendor/bundle/gems/activerecord-5.2.3/lib/active_record/connection_adapters/abstract/connection_pool.rb,683,MonitorMixin#mon_synchronize,8
83,call,vendor/bundle/gems/activesupport-5.2.3/lib/active_support/core_ext/time/calculations.rb,261,vendor/bundle/gems/activerecord-5.2.3/lib/active_record/connection_adapters/abstract/connection_pool.rb,689,Time#plus_with_duration,8
84,call,vendor/bundle/gems/activesupport-5.2.3/lib/active_support/duration.rb,144,vendor/bundle/gems/activesupport-5.2.3/lib/active_support/core_ext/time/calculations.rb,262,ActiveSupport::Duration.===,9
85,return,vendor/bundle/gems/activesupport-5.2.3/lib/active_support/duration.rb,148,vendor/bundle/gems/activesupport-5.2.3/lib/active_support/core_ext/time/calculations.rb,262,ActiveSupport::Duration.===,9
86,return,vendor/bundle/gems/activesupport-5.2.3/lib/active_support/core_ext/time/calculations.rb,267,vendor/bundle/gems/activerecord-5.2.3/lib/active_record/connection_adapters/abstract/connection_pool.rb,689,Time#plus_with_duration,8
87,call,vendor/bundle/gems/activerecord-5.2.3/lib/active_record/connection_adapters/abstract/connection_pool.rb,251,vendor/bundle/gems/activerecord-5.2.3/lib/active_record/connection_adapters/abstract/connection_pool.rb,691,ActiveRecord::ConnectionAdapters::ConnectionPool::BiasableQueue#with_a_bias_for,8
88,call,vendor/bundle/gems/activerecord-5.2.3/lib/active_record/connection_adapters/abstract/connection_pool.rb,154,vendor/bundle/gems/activerecord-5.2.3/lib/active_record/connection_adapters/abstract/connection_pool.rb,254,ActiveRecord::ConnectionAdapters::ConnectionPool::Queue#synchronize,9
89,call,/Users/yhirano/.rbenv/versions/2.6.3/lib/ruby/2.6.0/monitor.rb,227,vendor/bundle/gems/activerecord-5.2.3/lib/active_record/connection_adapters/abstract/connection_pool.rb,155,MonitorMixin#mon_synchronize,10
90,call,/Users/yhirano/.rbenv/versions/2.6.3/lib/ruby/2.6.0/monitor.rb,187,/Users/yhirano/.rbenv/versions/2.6.3/lib/ruby/2.6.0/monitor.rb,228,MonitorMixin#mon_enter,11
91,return,/Users/yhirano/.rbenv/versions/2.6.3/lib/ruby/2.6.0/monitor.rb,194,/Users/yhirano/.rbenv/versions/2.6.3/lib/ruby/2.6.0/monitor.rb,228,MonitorMixin#mon_enter,11
92,call,vendor/bundle/gems/activerecord-5.2.3/lib/active_record/connection_adapters/abstract/connection_pool.rb,215,vendor/bundle/gems/activerecord-5.2.3/lib/active_record/connection_adapters/abstract/connection_pool.rb,256,ActiveRecord::ConnectionAdapters::ConnectionPool::BiasableQueue::BiasedConditionVariable#initialize,11
93,call,/Users/yhirano/.rbenv/versions/2.6.3/lib/ruby/2.6.0/monitor.rb,241,vendor/bundle/gems/activerecord-5.2.3/lib/active_record/connection_adapters/abstract/connection_pool.rb,216,MonitorMixin#new_cond,12
94,call,/Users/yhirano/.rbenv/versions/2.6.3/lib/ruby/2.6.0/monitor.rb,156,/Users/yhirano/.rbenv/versions/2.6.3/lib/ruby/2.6.0/monitor.rb,242,MonitorMixin::ConditionVariable#initialize,13
95,return,/Users/yhirano/.rbenv/versions/2.6.3/lib/ruby/2.6.0/monitor.rb,159,/Users/yhirano/.rbenv/versions/2.6.3/lib/ruby/2.6.0/monitor.rb,242,MonitorMixin::ConditionVariable#initialize,13
96,return,/Users/yhirano/.rbenv/versions/2.6.3/lib/ruby/2.6.0/monitor.rb,243,vendor/bundle/gems/activerecord-5.2.3/lib/active_record/connection_adapters/abstract/connection_pool.rb,216,MonitorMixin#new_cond,12
97,return,vendor/bundle/gems/activerecord-5.2.3/lib/active_record/connection_adapters/abstract/connection_pool.rb,220,vendor/bundle/gems/activerecord-5.2.3/lib/active_record/connection_adapters/abstract/connection_pool.rb,256,ActiveRecord::ConnectionAdapters::ConnectionPool::BiasableQueue::BiasedConditionVariable#initialize,11
98,call,/Users/yhirano/.rbenv/versions/2.6.3/lib/ruby/2.6.0/monitor.rb,199,/Users/yhirano/.rbenv/versions/2.6.3/lib/ruby/2.6.0/monitor.rb,232,MonitorMixin#mon_exit,11
99,call,/Users/yhirano/.rbenv/versions/2.6.3/lib/ruby/2.6.0/monitor.rb,267,/Users/yhirano/.rbenv/versions/2.6.3/lib/ruby/2.6.0/monitor.rb,200,MonitorMixin#mon_check_owner,12
100,return,/Users/yhirano/.rbenv/versions/2.6.3/lib/ruby/2.6.0/monitor.rb,271,/Users/yhirano/.rbenv/versions/2.6.3/lib/ruby/2.6.0/monitor.rb,200,MonitorMixin#mon_check_owner,12
101,return,/Users/yhirano/.rbenv/versions/2.6.3/lib/ruby/2.6.0/monitor.rb,206,/Users/yhirano/.rbenv/versions/2.6.3/lib/ruby/2.6.0/monitor.rb,232,MonitorMixin#mon_exit,11
102,return,/Users/yhirano/.rbenv/versions/2.6.3/lib/ruby/2.6.0/monitor.rb,234,vendor/bundle/gems/activerecord-5.2.3/lib/active_record/connection_adapters/abstract/connection_pool.rb,155,MonitorMixin#mon_synchronize,10
103,return,vendor/bundle/gems/activerecord-5.2.3/lib/active_record/connection_adapters/abstract/connection_pool.rb,156,vendor/bundle/gems/activerecord-5.2.3/lib/active_record/connection_adapters/abstract/connection_pool.rb,254,ActiveRecord::ConnectionAdapters::ConnectionPool::Queue#synchronize,9
104,call,/Users/yhirano/.rbenv/versions/2.6.3/lib/ruby/2.6.0/monitor.rb,227,vendor/bundle/gems/activerecord-5.2.3/lib/active_record/connection_adapters/abstract/connection_pool.rb,693,MonitorMixin#mon_synchronize,9
105,call,/Users/yhirano/.rbenv/versions/2.6.3/lib/ruby/2.6.0/monitor.rb,187,/Users/yhirano/.rbenv/versions/2.6.3/lib/ruby/2.6.0/monitor.rb,228,MonitorMixin#mon_enter,10
106,return,/Users/yhirano/.rbenv/versions/2.6.3/lib/ruby/2.6.0/monitor.rb,194,/Users/yhirano/.rbenv/versions/2.6.3/lib/ruby/2.6.0/monitor.rb,228,MonitorMixin#mon_enter,10
107,call,/Users/yhirano/.rbenv/versions/2.6.3/lib/ruby/2.6.0/monitor.rb,199,/Users/yhirano/.rbenv/versions/2.6.3/lib/ruby/2.6.0/monitor.rb,232,MonitorMixin#mon_exit,10
108,call,/Users/yhirano/.rbenv/versions/2.6.3/lib/ruby/2.6.0/monitor.rb,267,/Users/yhirano/.rbenv/versions/2.6.3/lib/ruby/2.6.0/monitor.rb,200,MonitorMixin#mon_check_owner,11
109,return,/Users/yhirano/.rbenv/versions/2.6.3/lib/ruby/2.6.0/monitor.rb,271,/Users/yhirano/.rbenv/versions/2.6.3/lib/ruby/2.6.0/monitor.rb,200,MonitorMixin#mon_check_owner,11
110,return,/Users/yhirano/.rbenv/versions/2.6.3/lib/ruby/2.6.0/monitor.rb,206,/Users/yhirano/.rbenv/versions/2.6.3/lib/ruby/2.6.0/monitor.rb,232,MonitorMixin#mon_exit,10
111,return,/Users/yhirano/.rbenv/versions/2.6.3/lib/ruby/2.6.0/monitor.rb,232,vendor/bundle/gems/activerecord-5.2.3/lib/active_record/connection_adapters/abstract/connection_pool.rb,693,MonitorMixin#mon_synchronize,9
112,call,vendor/bundle/gems/activerecord-5.2.3/lib/active_record/connection_adapters/abstract/connection_pool.rb,154,vendor/bundle/gems/activerecord-5.2.3/lib/active_record/connection_adapters/abstract/connection_pool.rb,260,ActiveRecord::ConnectionAdapters::ConnectionPool::Queue#synchronize,9
113,call,/Users/yhirano/.rbenv/versions/2.6.3/lib/ruby/2.6.0/monitor.rb,227,vendor/bundle/gems/activerecord-5.2.3/lib/active_record/connection_adapters/abstract/connection_pool.rb,155,MonitorMixin#mon_synchronize,10
114,call,/Users/yhirano/.rbenv/versions/2.6.3/lib/ruby/2.6.0/monitor.rb,187,/Users/yhirano/.rbenv/versions/2.6.3/lib/ruby/2.6.0/monitor.rb,228,MonitorMixin#mon_enter,11
115,return,/Users/yhirano/.rbenv/versions/2.6.3/lib/ruby/2.6.0/monitor.rb,194,/Users/yhirano/.rbenv/versions/2.6.3/lib/ruby/2.6.0/monitor.rb,228,MonitorMixin#mon_enter,11
116,call,vendor/bundle/gems/activerecord-5.2.3/lib/active_record/connection_adapters/abstract/connection_pool.rb,227,vendor/bundle/gems/activerecord-5.2.3/lib/active_record/connection_adapters/abstract/connection_pool.rb,262,ActiveRecord::ConnectionAdapters::ConnectionPool::BiasableQueue::BiasedConditionVariable#broadcast_on_biased,11
117,call,/Users/yhirano/.rbenv/versions/2.6.3/lib/ruby/2.6.0/monitor.rb,149,vendor/bundle/gems/activerecord-5.2.3/lib/active_record/connection_adapters/abstract/connection_pool.rb,229,MonitorMixin::ConditionVariable#broadcast,12
118,call,/Users/yhirano/.rbenv/versions/2.6.3/lib/ruby/2.6.0/monitor.rb,267,/Users/yhirano/.rbenv/versions/2.6.3/lib/ruby/2.6.0/monitor.rb,150,MonitorMixin#mon_check_owner,13
119,return,/Users/yhirano/.rbenv/versions/2.6.3/lib/ruby/2.6.0/monitor.rb,271,/Users/yhirano/.rbenv/versions/2.6.3/lib/ruby/2.6.0/monitor.rb,150,MonitorMixin#mon_check_owner,13
120,return,/Users/yhirano/.rbenv/versions/2.6.3/lib/ruby/2.6.0/monitor.rb,152,vendor/bundle/gems/activerecord-5.2.3/lib/active_record/connection_adapters/abstract/connection_pool.rb,229,MonitorMixin::ConditionVariable#broadcast,12
121,return,vendor/bundle/gems/activerecord-5.2.3/lib/active_record/connection_adapters/abstract/connection_pool.rb,230,vendor/bundle/gems/activerecord-5.2.3/lib/active_record/connection_adapters/abstract/connection_pool.rb,262,ActiveRecord::ConnectionAdapters::ConnectionPool::BiasableQueue::BiasedConditionVariable#broadcast_on_biased,11
122,call,/Users/yhirano/.rbenv/versions/2.6.3/lib/ruby/2.6.0/monitor.rb,199,/Users/yhirano/.rbenv/versions/2.6.3/lib/ruby/2.6.0/monitor.rb,232,MonitorMixin#mon_exit,11
123,call,/Users/yhirano/.rbenv/versions/2.6.3/lib/ruby/2.6.0/monitor.rb,267,/Users/yhirano/.rbenv/versions/2.6.3/lib/ruby/2.6.0/monitor.rb,200,MonitorMixin#mon_check_owner,12
124,return,/Users/yhirano/.rbenv/versions/2.6.3/lib/ruby/2.6.0/monitor.rb,271,/Users/yhirano/.rbenv/versions/2.6.3/lib/ruby/2.6.0/monitor.rb,200,MonitorMixin#mon_check_owner,12
125,return,/Users/yhirano/.rbenv/versions/2.6.3/lib/ruby/2.6.0/monitor.rb,206,/Users/yhirano/.rbenv/versions/2.6.3/lib/ruby/2.6.0/monitor.rb,232,MonitorMixin#mon_exit,11
126,return,/Users/yhirano/.rbenv/versions/2.6.3/lib/ruby/2.6.0/monitor.rb,234,vendor/bundle/gems/activerecord-5.2.3/lib/active_record/connection_adapters/abstract/connection_pool.rb,155,MonitorMixin#mon_synchronize,10
127,return,vendor/bundle/gems/activerecord-5.2.3/lib/active_record/connection_adapters/abstract/connection_pool.rb,156,vendor/bundle/gems/activerecord-5.2.3/lib/active_record/connection_adapters/abstract/connection_pool.rb,260,ActiveRecord::ConnectionAdapters::ConnectionPool::Queue#synchronize,9
128,return,vendor/bundle/gems/activerecord-5.2.3/lib/active_record/connection_adapters/abstract/connection_pool.rb,260,vendor/bundle/gems/activerecord-5.2.3/lib/active_record/connection_adapters/abstract/connection_pool.rb,691,ActiveRecord::ConnectionAdapters::ConnectionPool::BiasableQueue#with_a_bias_for,8
129,return,vendor/bundle/gems/activerecord-5.2.3/lib/active_record/connection_adapters/abstract/connection_pool.rb,722,vendor/bundle/gems/activerecord-5.2.3/lib/active_record/connection_adapters/abstract/connection_pool.rb,677,ActiveRecord::ConnectionAdapters::ConnectionPool#attempt_to_checkout_all_existing_connections,7
130,call,/Users/yhirano/.rbenv/versions/2.6.3/lib/ruby/2.6.0/monitor.rb,227,vendor/bundle/gems/activerecord-5.2.3/lib/active_record/connection_adapters/abstract/connection_pool.rb,434,MonitorMixin#mon_synchronize,7
131,call,/Users/yhirano/.rbenv/versions/2.6.3/lib/ruby/2.6.0/monitor.rb,187,/Users/yhirano/.rbenv/versions/2.6.3/lib/ruby/2.6.0/monitor.rb,228,MonitorMixin#mon_enter,8
132,return,/Users/yhirano/.rbenv/versions/2.6.3/lib/ruby/2.6.0/monitor.rb,194,/Users/yhirano/.rbenv/versions/2.6.3/lib/ruby/2.6.0/monitor.rb,228,MonitorMixin#mon_enter,8
133,call,vendor/bundle/gems/activerecord-5.2.3/lib/active_record/connection_adapters/abstract/connection_pool.rb,124,vendor/bundle/gems/activerecord-5.2.3/lib/active_record/connection_adapters/abstract/connection_pool.rb,443,ActiveRecord::ConnectionAdapters::ConnectionPool::Queue#clear,8
134,call,vendor/bundle/gems/activerecord-5.2.3/lib/active_record/connection_adapters/abstract/connection_pool.rb,154,vendor/bundle/gems/activerecord-5.2.3/lib/active_record/connection_adapters/abstract/connection_pool.rb,125,ActiveRecord::ConnectionAdapters::ConnectionPool::Queue#synchronize,9
135,call,/Users/yhirano/.rbenv/versions/2.6.3/lib/ruby/2.6.0/monitor.rb,227,vendor/bundle/gems/activerecord-5.2.3/lib/active_record/connection_adapters/abstract/connection_pool.rb,155,MonitorMixin#mon_synchronize,10
136,call,/Users/yhirano/.rbenv/versions/2.6.3/lib/ruby/2.6.0/monitor.rb,187,/Users/yhirano/.rbenv/versions/2.6.3/lib/ruby/2.6.0/monitor.rb,228,MonitorMixin#mon_enter,11
137,return,/Users/yhirano/.rbenv/versions/2.6.3/lib/ruby/2.6.0/monitor.rb,194,/Users/yhirano/.rbenv/versions/2.6.3/lib/ruby/2.6.0/monitor.rb,228,MonitorMixin#mon_enter,11
138,call,/Users/yhirano/.rbenv/versions/2.6.3/lib/ruby/2.6.0/monitor.rb,199,/Users/yhirano/.rbenv/versions/2.6.3/lib/ruby/2.6.0/monitor.rb,232,MonitorMixin#mon_exit,11
139,call,/Users/yhirano/.rbenv/versions/2.6.3/lib/ruby/2.6.0/monitor.rb,267,/Users/yhirano/.rbenv/versions/2.6.3/lib/ruby/2.6.0/monitor.rb,200,MonitorMixin#mon_check_owner,12
140,return,/Users/yhirano/.rbenv/versions/2.6.3/lib/ruby/2.6.0/monitor.rb,271,/Users/yhirano/.rbenv/versions/2.6.3/lib/ruby/2.6.0/monitor.rb,200,MonitorMixin#mon_check_owner,12
141,return,/Users/yhirano/.rbenv/versions/2.6.3/lib/ruby/2.6.0/monitor.rb,206,/Users/yhirano/.rbenv/versions/2.6.3/lib/ruby/2.6.0/monitor.rb,232,MonitorMixin#mon_exit,11
142,return,/Users/yhirano/.rbenv/versions/2.6.3/lib/ruby/2.6.0/monitor.rb,234,vendor/bundle/gems/activerecord-5.2.3/lib/active_record/connection_adapters/abstract/connection_pool.rb,155,MonitorMixin#mon_synchronize,10
143,return,vendor/bundle/gems/activerecord-5.2.3/lib/active_record/connection_adapters/abstract/connection_pool.rb,156,vendor/bundle/gems/activerecord-5.2.3/lib/active_record/connection_adapters/abstract/connection_pool.rb,125,ActiveRecord::ConnectionAdapters::ConnectionPool::Queue#synchronize,9
144,return,vendor/bundle/gems/activerecord-5.2.3/lib/active_record/connection_adapters/abstract/connection_pool.rb,128,vendor/bundle/gems/activerecord-5.2.3/lib/active_record/connection_adapters/abstract/connection_pool.rb,443,ActiveRecord::ConnectionAdapters::ConnectionPool::Queue#clear,8
145,call,/Users/yhirano/.rbenv/versions/2.6.3/lib/ruby/2.6.0/monitor.rb,199,/Users/yhirano/.rbenv/versions/2.6.3/lib/ruby/2.6.0/monitor.rb,232,MonitorMixin#mon_exit,8
146,call,/Users/yhirano/.rbenv/versions/2.6.3/lib/ruby/2.6.0/monitor.rb,267,/Users/yhirano/.rbenv/versions/2.6.3/lib/ruby/2.6.0/monitor.rb,200,MonitorMixin#mon_check_owner,9
147,return,/Users/yhirano/.rbenv/versions/2.6.3/lib/ruby/2.6.0/monitor.rb,271,/Users/yhirano/.rbenv/versions/2.6.3/lib/ruby/2.6.0/monitor.rb,200,MonitorMixin#mon_check_owner,9
148,return,/Users/yhirano/.rbenv/versions/2.6.3/lib/ruby/2.6.0/monitor.rb,206,/Users/yhirano/.rbenv/versions/2.6.3/lib/ruby/2.6.0/monitor.rb,232,MonitorMixin#mon_exit,8
149,return,/Users/yhirano/.rbenv/versions/2.6.3/lib/ruby/2.6.0/monitor.rb,234,vendor/bundle/gems/activerecord-5.2.3/lib/active_record/connection_adapters/abstract/connection_pool.rb,434,MonitorMixin#mon_synchronize,7
150,call,/Users/yhirano/.rbenv/versions/2.6.3/lib/ruby/2.6.0/monitor.rb,227,vendor/bundle/gems/activerecord-5.2.3/lib/active_record/connection_adapters/abstract/connection_pool.rb,757,MonitorMixin#mon_synchronize,7
151,call,/Users/yhirano/.rbenv/versions/2.6.3/lib/ruby/2.6.0/monitor.rb,187,/Users/yhirano/.rbenv/versions/2.6.3/lib/ruby/2.6.0/monitor.rb,228,MonitorMixin#mon_enter,8
152,return,/Users/yhirano/.rbenv/versions/2.6.3/lib/ruby/2.6.0/monitor.rb,194,/Users/yhirano/.rbenv/versions/2.6.3/lib/ruby/2.6.0/monitor.rb,228,MonitorMixin#mon_enter,8
153,call,vendor/bundle/gems/activerecord-5.2.3/lib/active_record/connection_adapters/abstract/connection_pool.rb,124,vendor/bundle/gems/activerecord-5.2.3/lib/active_record/connection_adapters/abstract/connection_pool.rb,761,ActiveRecord::ConnectionAdapters::ConnectionPool::Queue#clear,8
154,call,vendor/bundle/gems/activerecord-5.2.3/lib/active_record/connection_adapters/abstract/connection_pool.rb,154,vendor/bundle/gems/activerecord-5.2.3/lib/active_record/connection_adapters/abstract/connection_pool.rb,125,ActiveRecord::ConnectionAdapters::ConnectionPool::Queue#synchronize,9
155,call,/Users/yhirano/.rbenv/versions/2.6.3/lib/ruby/2.6.0/monitor.rb,227,vendor/bundle/gems/activerecord-5.2.3/lib/active_record/connection_adapters/abstract/connection_pool.rb,155,MonitorMixin#mon_synchronize,10
156,call,/Users/yhirano/.rbenv/versions/2.6.3/lib/ruby/2.6.0/monitor.rb,187,/Users/yhirano/.rbenv/versions/2.6.3/lib/ruby/2.6.0/monitor.rb,228,MonitorMixin#mon_enter,11
157,return,/Users/yhirano/.rbenv/versions/2.6.3/lib/ruby/2.6.0/monitor.rb,194,/Users/yhirano/.rbenv/versions/2.6.3/lib/ruby/2.6.0/monitor.rb,228,MonitorMixin#mon_enter,11
158,call,/Users/yhirano/.rbenv/versions/2.6.3/lib/ruby/2.6.0/monitor.rb,199,/Users/yhirano/.rbenv/versions/2.6.3/lib/ruby/2.6.0/monitor.rb,232,MonitorMixin#mon_exit,11
159,call,/Users/yhirano/.rbenv/versions/2.6.3/lib/ruby/2.6.0/monitor.rb,267,/Users/yhirano/.rbenv/versions/2.6.3/lib/ruby/2.6.0/monitor.rb,200,MonitorMixin#mon_check_owner,12
160,return,/Users/yhirano/.rbenv/versions/2.6.3/lib/ruby/2.6.0/monitor.rb,271,/Users/yhirano/.rbenv/versions/2.6.3/lib/ruby/2.6.0/monitor.rb,200,MonitorMixin#mon_check_owner,12
161,return,/Users/yhirano/.rbenv/versions/2.6.3/lib/ruby/2.6.0/monitor.rb,206,/Users/yhirano/.rbenv/versions/2.6.3/lib/ruby/2.6.0/monitor.rb,232,MonitorMixin#mon_exit,11
162,return,/Users/yhirano/.rbenv/versions/2.6.3/lib/ruby/2.6.0/monitor.rb,234,vendor/bundle/gems/activerecord-5.2.3/lib/active_record/connection_adapters/abstract/connection_pool.rb,155,MonitorMixin#mon_synchronize,10
163,return,vendor/bundle/gems/activerecord-5.2.3/lib/active_record/connection_adapters/abstract/connection_pool.rb,156,vendor/bundle/gems/activerecord-5.2.3/lib/active_record/connection_adapters/abstract/connection_pool.rb,125,ActiveRecord::ConnectionAdapters::ConnectionPool::Queue#synchronize,9
164,return,vendor/bundle/gems/activerecord-5.2.3/lib/active_record/connection_adapters/abstract/connection_pool.rb,128,vendor/bundle/gems/activerecord-5.2.3/lib/active_record/connection_adapters/abstract/connection_pool.rb,761,ActiveRecord::ConnectionAdapters::ConnectionPool::Queue#clear,8
165,call,vendor/bundle/gems/activerecord-5.2.3/lib/active_record/connection_adapters/abstract/connection_pool.rb,627,vendor/bundle/gems/activerecord-5.2.3/lib/active_record/connection_adapters/abstract/connection_pool.rb,763,ActiveRecord::ConnectionAdapters::ConnectionPool#num_waiting_in_queue,8
166,call,vendor/bundle/gems/activerecord-5.2.3/lib/active_record/connection_adapters/abstract/connection_pool.rb,102,vendor/bundle/gems/activerecord-5.2.3/lib/active_record/connection_adapters/abstract/connection_pool.rb,628,ActiveRecord::ConnectionAdapters::ConnectionPool::Queue#num_waiting,9
167,call,vendor/bundle/gems/activerecord-5.2.3/lib/active_record/connection_adapters/abstract/connection_pool.rb,154,vendor/bundle/gems/activerecord-5.2.3/lib/active_record/connection_adapters/abstract/connection_pool.rb,103,ActiveRecord::ConnectionAdapters::ConnectionPool::Queue#synchronize,10
168,call,/Users/yhirano/.rbenv/versions/2.6.3/lib/ruby/2.6.0/monitor.rb,227,vendor/bundle/gems/activerecord-5.2.3/lib/active_record/connection_adapters/abstract/connection_pool.rb,155,MonitorMixin#mon_synchronize,11
169,call,/Users/yhirano/.rbenv/versions/2.6.3/lib/ruby/2.6.0/monitor.rb,187,/Users/yhirano/.rbenv/versions/2.6.3/lib/ruby/2.6.0/monitor.rb,228,MonitorMixin#mon_enter,12
170,return,/Users/yhirano/.rbenv/versions/2.6.3/lib/ruby/2.6.0/monitor.rb,194,/Users/yhirano/.rbenv/versions/2.6.3/lib/ruby/2.6.0/monitor.rb,228,MonitorMixin#mon_enter,12
171,call,/Users/yhirano/.rbenv/versions/2.6.3/lib/ruby/2.6.0/monitor.rb,199,/Users/yhirano/.rbenv/versions/2.6.3/lib/ruby/2.6.0/monitor.rb,232,MonitorMixin#mon_exit,12
172,call,/Users/yhirano/.rbenv/versions/2.6.3/lib/ruby/2.6.0/monitor.rb,267,/Users/yhirano/.rbenv/versions/2.6.3/lib/ruby/2.6.0/monitor.rb,200,MonitorMixin#mon_check_owner,13
173,return,/Users/yhirano/.rbenv/versions/2.6.3/lib/ruby/2.6.0/monitor.rb,271,/Users/yhirano/.rbenv/versions/2.6.3/lib/ruby/2.6.0/monitor.rb,200,MonitorMixin#mon_check_owner,13
174,return,/Users/yhirano/.rbenv/versions/2.6.3/lib/ruby/2.6.0/monitor.rb,206,/Users/yhirano/.rbenv/versions/2.6.3/lib/ruby/2.6.0/monitor.rb,232,MonitorMixin#mon_exit,12
175,return,/Users/yhirano/.rbenv/versions/2.6.3/lib/ruby/2.6.0/monitor.rb,234,vendor/bundle/gems/activerecord-5.2.3/lib/active_record/connection_adapters/abstract/connection_pool.rb,155,MonitorMixin#mon_synchronize,11
176,return,vendor/bundle/gems/activerecord-5.2.3/lib/active_record/connection_adapters/abstract/connection_pool.rb,156,vendor/bundle/gems/activerecord-5.2.3/lib/active_record/connection_adapters/abstract/connection_pool.rb,103,ActiveRecord::ConnectionAdapters::ConnectionPool::Queue#synchronize,10
177,return,vendor/bundle/gems/activerecord-5.2.3/lib/active_record/connection_adapters/abstract/connection_pool.rb,106,vendor/bundle/gems/activerecord-5.2.3/lib/active_record/connection_adapters/abstract/connection_pool.rb,628,ActiveRecord::ConnectionAdapters::ConnectionPool::Queue#num_waiting,9
178,return,vendor/bundle/gems/activerecord-5.2.3/lib/active_record/connection_adapters/abstract/connection_pool.rb,629,vendor/bundle/gems/activerecord-5.2.3/lib/active_record/connection_adapters/abstract/connection_pool.rb,763,ActiveRecord::ConnectionAdapters::ConnectionPool#num_waiting_in_queue,8
179,call,/Users/yhirano/.rbenv/versions/2.6.3/lib/ruby/2.6.0/monitor.rb,199,/Users/yhirano/.rbenv/versions/2.6.3/lib/ruby/2.6.0/monitor.rb,232,MonitorMixin#mon_exit,8
180,call,/Users/yhirano/.rbenv/versions/2.6.3/lib/ruby/2.6.0/monitor.rb,267,/Users/yhirano/.rbenv/versions/2.6.3/lib/ruby/2.6.0/monitor.rb,200,MonitorMixin#mon_check_owner,9
181,return,/Users/yhirano/.rbenv/versions/2.6.3/lib/ruby/2.6.0/monitor.rb,271,/Users/yhirano/.rbenv/versions/2.6.3/lib/ruby/2.6.0/monitor.rb,200,MonitorMixin#mon_check_owner,9
182,return,/Users/yhirano/.rbenv/versions/2.6.3/lib/ruby/2.6.0/monitor.rb,206,/Users/yhirano/.rbenv/versions/2.6.3/lib/ruby/2.6.0/monitor.rb,232,MonitorMixin#mon_exit,8
183,return,/Users/yhirano/.rbenv/versions/2.6.3/lib/ruby/2.6.0/monitor.rb,234,vendor/bundle/gems/activerecord-5.2.3/lib/active_record/connection_adapters/abstract/connection_pool.rb,757,MonitorMixin#mon_synchronize,7
184,return,vendor/bundle/gems/activerecord-5.2.3/lib/active_record/connection_adapters/abstract/connection_pool.rb,775,vendor/bundle/gems/activerecord-5.2.3/lib/active_record/connection_adapters/abstract/connection_pool.rb,676,ActiveRecord::ConnectionAdapters::ConnectionPool#with_new_connections_blocked,6
185,return,vendor/bundle/gems/activerecord-5.2.3/lib/active_record/connection_adapters/abstract/connection_pool.rb,680,vendor/bundle/gems/activerecord-5.2.3/lib/active_record/connection_adapters/abstract/connection_pool.rb,433,ActiveRecord::ConnectionAdapters::ConnectionPool#with_exclusively_acquired_all_connections,5
186,return,vendor/bundle/gems/activerecord-5.2.3/lib/active_record/connection_adapters/abstract/connection_pool.rb,446,vendor/bundle/gems/activerecord-5.2.3/lib/active_record/connection_adapters/abstract/connection_pool.rb,455,ActiveRecord::ConnectionAdapters::ConnectionPool#disconnect,4
187,return,vendor/bundle/gems/activerecord-5.2.3/lib/active_record/connection_adapters/abstract/connection_pool.rb,456,vendor/bundle/gems/activerecord-5.2.3/lib/active_record/connection_adapters/abstract/connection_pool.rb,1031,ActiveRecord::ConnectionAdapters::ConnectionPool#disconnect!,3
188,return,vendor/bundle/gems/activerecord-5.2.3/lib/active_record/connection_adapters/abstract/connection_pool.rb,1034,vendor/bundle/gems/activerecord-5.2.3/lib/active_record/connection_adapters/abstract/connection_pool.rb,958,ActiveRecord::ConnectionAdapters::ConnectionHandler#remove_connection,2
189,call,vendor/bundle/gems/activesupport-5.2.3/lib/active_support/notifications.rb,189,vendor/bundle/gems/activerecord-5.2.3/lib/active_record/connection_adapters/abstract/connection_pool.rb,960,ActiveSupport::Notifications.instrumenter,2
190,call,vendor/bundle/gems/activesupport-5.2.3/lib/active_support/per_thread_registry.rb,46,vendor/bundle/gems/activesupport-5.2.3/lib/active_support/notifications.rb,190,ActiveSupport::PerThreadRegistry.instance,3
191,return,vendor/bundle/gems/activesupport-5.2.3/lib/active_support/per_thread_registry.rb,48,vendor/bundle/gems/activesupport-5.2.3/lib/active_support/notifications.rb,190,ActiveSupport::PerThreadRegistry.instance,3
192,call,vendor/bundle/gems/activesupport-5.2.3/lib/active_support/notifications.rb,209,vendor/bundle/gems/activesupport-5.2.3/lib/active_support/notifications.rb,190,ActiveSupport::Notifications::InstrumentationRegistry#instrumenter_for,3
193,return,vendor/bundle/gems/activesupport-5.2.3/lib/active_support/notifications.rb,211,vendor/bundle/gems/activesupport-5.2.3/lib/active_support/notifications.rb,190,ActiveSupport::Notifications::InstrumentationRegistry#instrumenter_for,3
194,return,vendor/bundle/gems/activesupport-5.2.3/lib/active_support/notifications.rb,191,vendor/bundle/gems/activerecord-5.2.3/lib/active_record/connection_adapters/abstract/connection_pool.rb,960,ActiveSupport::Notifications.instrumenter,2
195,call,vendor/bundle/gems/activesupport-5.2.3/lib/active_support/notifications/instrumenter.rb,19,vendor/bundle/gems/activerecord-5.2.3/lib/active_record/connection_adapters/abstract/connection_pool.rb,969,ActiveSupport::Notifications::Instrumenter#instrument,2
196,call,vendor/bundle/gems/activesupport-5.2.3/lib/active_support/notifications/instrumenter.rb,34,vendor/bundle/gems/activesupport-5.2.3/lib/active_support/notifications/instrumenter.rb,21,ActiveSupport::Notifications::Instrumenter#start,3
197,call,vendor/bundle/gems/activesupport-5.2.3/lib/active_support/notifications/fanout.rb,43,vendor/bundle/gems/activesupport-5.2.3/lib/active_support/notifications/instrumenter.rb,35,ActiveSupport::Notifications::Fanout#start,4
198,call,vendor/bundle/gems/activesupport-5.2.3/lib/active_support/notifications/fanout.rb,55,vendor/bundle/gems/activesupport-5.2.3/lib/active_support/notifications/fanout.rb,44,ActiveSupport::Notifications::Fanout#listeners_for,5
199,call,vendor/bundle/gems/concurrent-ruby-1.1.5/lib/concurrent/map.rb,132,vendor/bundle/gems/activesupport-5.2.3/lib/active_support/notifications/fanout.rb,57,Concurrent::Map#[],6
200,call,vendor/bundle/gems/concurrent-ruby-1.1.5/lib/concurrent/collection/map/non_concurrent_map_backend.rb,19,vendor/bundle/gems/concurrent-ruby-1.1.5/lib/concurrent/map.rb,133,Concurrent::Map#[],7
201,return,vendor/bundle/gems/concurrent-ruby-1.1.5/lib/concurrent/collection/map/non_concurrent_map_backend.rb,21,vendor/bundle/gems/concurrent-ruby-1.1.5/lib/concurrent/map.rb,133,Concurrent::Map#[],7
202,return,vendor/bundle/gems/concurrent-ruby-1.1.5/lib/concurrent/map.rb,144,vendor/bundle/gems/activesupport-5.2.3/lib/active_support/notifications/fanout.rb,57,Concurrent::Map#[],6
203,return,vendor/bundle/gems/activesupport-5.2.3/lib/active_support/notifications/fanout.rb,61,vendor/bundle/gems/activesupport-5.2.3/lib/active_support/notifications/fanout.rb,44,ActiveSupport::Notifications::Fanout#listeners_for,5
204,return,vendor/bundle/gems/activesupport-5.2.3/lib/active_support/notifications/fanout.rb,45,vendor/bundle/gems/activesupport-5.2.3/lib/active_support/notifications/instrumenter.rb,35,ActiveSupport::Notifications::Fanout#start,4
205,return,vendor/bundle/gems/activesupport-5.2.3/lib/active_support/notifications/instrumenter.rb,36,vendor/bundle/gems/activesupport-5.2.3/lib/active_support/notifications/instrumenter.rb,21,ActiveSupport::Notifications::Instrumenter#start,3
206,call,vendor/bundle/gems/activerecord-5.2.3/lib/active_record/connection_adapters/abstract/connection_pool.rb,1058,vendor/bundle/gems/activerecord-5.2.3/lib/active_record/connection_adapters/abstract/connection_pool.rb,970,ActiveRecord::ConnectionAdapters::ConnectionHandler#owner_to_pool,3
207,call,vendor/bundle/gems/concurrent-ruby-1.1.5/lib/concurrent/map.rb,132,vendor/bundle/gems/activerecord-5.2.3/lib/active_record/connection_adapters/abstract/connection_pool.rb,1059,Concurrent::Map#[],4
208,call,vendor/bundle/gems/concurrent-ruby-1.1.5/lib/concurrent/collection/map/non_concurrent_map_backend.rb,19,vendor/bundle/gems/concurrent-ruby-1.1.5/lib/concurrent/map.rb,133,Concurrent::Map#[],5
209,return,vendor/bundle/gems/concurrent-ruby-1.1.5/lib/concurrent/collection/map/non_concurrent_map_backend.rb,21,vendor/bundle/gems/concurrent-ruby-1.1.5/lib/concurrent/map.rb,133,Concurrent::Map#[],5
210,return,vendor/bundle/gems/concurrent-ruby-1.1.5/lib/concurrent/map.rb,144,vendor/bundle/gems/activerecord-5.2.3/lib/active_record/connection_adapters/abstract/connection_pool.rb,1059,Concurrent::Map#[],4
211,return,vendor/bundle/gems/activerecord-5.2.3/lib/active_record/connection_adapters/abstract/connection_pool.rb,1060,vendor/bundle/gems/activerecord-5.2.3/lib/active_record/connection_adapters/abstract/connection_pool.rb,970,ActiveRecord::ConnectionAdapters::ConnectionHandler#owner_to_pool,3
212,call,vendor/bundle/gems/activerecord-5.2.3/lib/active_record/connection_adapters/abstract/connection_pool.rb,321,vendor/bundle/gems/activerecord-5.2.3/lib/active_record/connection_adapters/abstract/connection_pool.rb,970,ActiveRecord::ConnectionAdapters::ConnectionPool#initialize,3
213,call,vendor/bundle/gems/activerecord-5.2.3/lib/active_record/connection_adapters/abstract/query_cache.rb,29,vendor/bundle/gems/activerecord-5.2.3/lib/active_record/connection_adapters/abstract/connection_pool.rb,322,ActiveRecord::ConnectionAdapters::ConnectionPool#initialize,4
214,call,/Users/yhirano/.rbenv/versions/2.6.3/lib/ruby/2.6.0/monitor.rb,250,vendor/bundle/gems/activerecord-5.2.3/lib/active_record/connection_adapters/abstract/query_cache.rb,30,ActiveRecord::ConnectionAdapters::ConnectionPool#initialize,5
215,call,/Users/yhirano/.rbenv/versions/2.6.3/lib/ruby/2.6.0/monitor.rb,257,/Users/yhirano/.rbenv/versions/2.6.3/lib/ruby/2.6.0/monitor.rb,252,MonitorMixin#mon_initialize,6
216,return,/Users/yhirano/.rbenv/versions/2.6.3/lib/ruby/2.6.0/monitor.rb,265,/Users/yhirano/.rbenv/versions/2.6.3/lib/ruby/2.6.0/monitor.rb,252,MonitorMixin#mon_initialize,6
217,return,/Users/yhirano/.rbenv/versions/2.6.3/lib/ruby/2.6.0/monitor.rb,253,vendor/bundle/gems/activerecord-5.2.3/lib/active_record/connection_adapters/abstract/query_cache.rb,30,ActiveRecord::ConnectionAdapters::ConnectionPool#initialize,5
218,call,vendor/bundle/gems/concurrent-ruby-1.1.5/lib/concurrent/map.rb,118,vendor/bundle/gems/activerecord-5.2.3/lib/active_record/connection_adapters/abstract/query_cache.rb,31,Concurrent::Map#initialize,5
219,call,vendor/bundle/gems/concurrent-ruby-1.1.5/lib/concurrent/collection/map/mri_map_backend.rb,12,vendor/bundle/gems/concurrent-ruby-1.1.5/lib/concurrent/map.rb,125,Concurrent::Map#initialize,6
220,call,vendor/bundle/gems/concurrent-ruby-1.1.5/lib/concurrent/collection/map/non_concurrent_map_backend.rb,15,vendor/bundle/gems/concurrent-ruby-1.1.5/lib/concurrent/collection/map/mri_map_backend.rb,13,Concurrent::Map#initialize,7
221,return,vendor/bundle/gems/concurrent-ruby-1.1.5/lib/concurrent/collection/map/non_concurrent_map_backend.rb,17,vendor/bundle/gems/concurrent-ruby-1.1.5/lib/concurrent/collection/map/mri_map_backend.rb,13,Concurrent::Map#initialize,7
222,return,vendor/bundle/gems/concurrent-ruby-1.1.5/lib/concurrent/collection/map/mri_map_backend.rb,15,vendor/bundle/gems/concurrent-ruby-1.1.5/lib/concurrent/map.rb,125,Concurrent::Map#initialize,6
223,return,vendor/bundle/gems/concurrent-ruby-1.1.5/lib/concurrent/map.rb,127,vendor/bundle/gems/activerecord-5.2.3/lib/active_record/connection_adapters/abstract/query_cache.rb,31,Concurrent::Map#initialize,5
224,return,vendor/bundle/gems/activerecord-5.2.3/lib/active_record/connection_adapters/abstract/query_cache.rb,32,vendor/bundle/gems/activerecord-5.2.3/lib/active_record/connection_adapters/abstract/connection_pool.rb,322,ActiveRecord::ConnectionAdapters::ConnectionPool#initialize,4
225,call,vendor/bundle/gems/concurrent-ruby-1.1.5/lib/concurrent/map.rb,118,vendor/bundle/gems/activerecord-5.2.3/lib/active_record/connection_adapters/abstract/connection_pool.rb,345,Concurrent::Map#initialize,4
226,call,vendor/bundle/gems/concurrent-ruby-1.1.5/lib/concurrent/map.rb,328,vendor/bundle/gems/concurrent-ruby-1.1.5/lib/concurrent/map.rb,120,Concurrent::Map#validate_options_hash!,5
227,return,vendor/bundle/gems/concurrent-ruby-1.1.5/lib/concurrent/map.rb,335,vendor/bundle/gems/concurrent-ruby-1.1.5/lib/concurrent/map.rb,120,Concurrent::Map#validate_options_hash!,5
228,call,vendor/bundle/gems/concurrent-ruby-1.1.5/lib/concurrent/collection/map/mri_map_backend.rb,12,vendor/bundle/gems/concurrent-ruby-1.1.5/lib/concurrent/map.rb,125,Concurrent::Map#initialize,5
229,call,vendor/bundle/gems/concurrent-ruby-1.1.5/lib/concurrent/collection/map/non_concurrent_map_backend.rb,15,vendor/bundle/gems/concurrent-ruby-1.1.5/lib/concurrent/collection/map/mri_map_backend.rb,13,Concurrent::Map#initialize,6
230,return,vendor/bundle/gems/concurrent-ruby-1.1.5/lib/concurrent/collection/map/non_concurrent_map_backend.rb,17,vendor/bundle/gems/concurrent-ruby-1.1.5/lib/concurrent/collection/map/mri_map_backend.rb,13,Concurrent::Map#initialize,6
231,return,vendor/bundle/gems/concurrent-ruby-1.1.5/lib/concurrent/collection/map/mri_map_backend.rb,15,vendor/bundle/gems/concurrent-ruby-1.1.5/lib/concurrent/map.rb,125,Concurrent::Map#initialize,5
232,return,vendor/bundle/gems/concurrent-ruby-1.1.5/lib/concurrent/map.rb,127,vendor/bundle/gems/activerecord-5.2.3/lib/active_record/connection_adapters/abstract/connection_pool.rb,345,Concurrent::Map#initialize,4
233,call,vendor/bundle/gems/activerecord-5.2.3/lib/active_record/connection_adapters/abstract/connection_pool.rb,86,vendor/bundle/gems/activerecord-5.2.3/lib/active_record/connection_adapters/abstract/connection_pool.rb,357,ActiveRecord::ConnectionAdapters::ConnectionPool::Queue#initialize,4
234,call,/Users/yhirano/.rbenv/versions/2.6.3/lib/ruby/2.6.0/monitor.rb,241,vendor/bundle/gems/activerecord-5.2.3/lib/active_record/connection_adapters/abstract/connection_pool.rb,88,MonitorMixin#new_cond,5
235,call,/Users/yhirano/.rbenv/versions/2.6.3/lib/ruby/2.6.0/monitor.rb,156,/Users/yhirano/.rbenv/versions/2.6.3/lib/ruby/2.6.0/monitor.rb,242,MonitorMixin::ConditionVariable#initialize,6
236,return,/Users/yhirano/.rbenv/versions/2.6.3/lib/ruby/2.6.0/monitor.rb,159,/Users/yhirano/.rbenv/versions/2.6.3/lib/ruby/2.6.0/monitor.rb,242,MonitorMixin::ConditionVariable#initialize,6
237,return,/Users/yhirano/.rbenv/versions/2.6.3/lib/ruby/2.6.0/monitor.rb,243,vendor/bundle/gems/activerecord-5.2.3/lib/active_record/connection_adapters/abstract/connection_pool.rb,88,MonitorMixin#new_cond,5
238,return,vendor/bundle/gems/activerecord-5.2.3/lib/active_record/connection_adapters/abstract/connection_pool.rb,91,vendor/bundle/gems/activerecord-5.2.3/lib/active_record/connection_adapters/abstract/connection_pool.rb,357,ActiveRecord::ConnectionAdapters::ConnectionPool::Queue#initialize,4
239,call,vendor/bundle/gems/activerecord-5.2.3/lib/active_record/connection_adapters/abstract/connection_pool.rb,292,vendor/bundle/gems/activerecord-5.2.3/lib/active_record/connection_adapters/abstract/connection_pool.rb,364,ActiveRecord::ConnectionAdapters::ConnectionPool::Reaper#initialize,4
240,return,vendor/bundle/gems/activerecord-5.2.3/lib/active_record/connection_adapters/abstract/connection_pool.rb,295,vendor/bundle/gems/activerecord-5.2.3/lib/active_record/connection_adapters/abstract/connection_pool.rb,364,ActiveRecord::ConnectionAdapters::ConnectionPool::Reaper#initialize,4
241,call,vendor/bundle/gems/activerecord-5.2.3/lib/active_record/connection_adapters/abstract/connection_pool.rb,297,vendor/bundle/gems/activerecord-5.2.3/lib/active_record/connection_adapters/abstract/connection_pool.rb,365,ActiveRecord::ConnectionAdapters::ConnectionPool::Reaper#run,4
242,return,vendor/bundle/gems/activerecord-5.2.3/lib/active_record/connection_adapters/abstract/connection_pool.rb,306,vendor/bundle/gems/activerecord-5.2.3/lib/active_record/connection_adapters/abstract/connection_pool.rb,365,ActiveRecord::ConnectionAdapters::ConnectionPool::Reaper#run,4
243,return,vendor/bundle/gems/activerecord-5.2.3/lib/active_record/connection_adapters/abstract/connection_pool.rb,366,vendor/bundle/gems/activerecord-5.2.3/lib/active_record/connection_adapters/abstract/connection_pool.rb,970,ActiveRecord::ConnectionAdapters::ConnectionPool#initialize,3
244,call,vendor/bundle/gems/concurrent-ruby-1.1.5/lib/concurrent/collection/map/mri_map_backend.rb,17,vendor/bundle/gems/activerecord-5.2.3/lib/active_record/connection_adapters/abstract/connection_pool.rb,970,Concurrent::Collection::MriMapBackend#[]=,3
245,call,vendor/bundle/gems/concurrent-ruby-1.1.5/lib/concurrent/collection/map/non_concurrent_map_backend.rb,23,vendor/bundle/gems/concurrent-ruby-1.1.5/lib/concurrent/collection/map/mri_map_backend.rb,18,Concurrent::Collection::MriMapBackend#[]=,4
246,return,vendor/bundle/gems/concurrent-ruby-1.1.5/lib/concurrent/collection/map/non_concurrent_map_backend.rb,25,vendor/bundle/gems/concurrent-ruby-1.1.5/lib/concurrent/collection/map/mri_map_backend.rb,18,Concurrent::Collection::MriMapBackend#[]=,4
247,return,vendor/bundle/gems/concurrent-ruby-1.1.5/lib/concurrent/collection/map/mri_map_backend.rb,19,vendor/bundle/gems/activerecord-5.2.3/lib/active_record/connection_adapters/abstract/connection_pool.rb,970,Concurrent::Collection::MriMapBackend#[]=,3
248,call,vendor/bundle/gems/activesupport-5.2.3/lib/active_support/notifications/instrumenter.rb,43,vendor/bundle/gems/activesupport-5.2.3/lib/active_support/notifications/instrumenter.rb,29,ActiveSupport::Notifications::Instrumenter#finish_with_state,3
249,call,vendor/bundle/gems/activesupport-5.2.3/lib/active_support/notifications/fanout.rb,47,vendor/bundle/gems/activesupport-5.2.3/lib/active_support/notifications/instrumenter.rb,44,ActiveSupport::Notifications::Fanout#finish,4
250,return,vendor/bundle/gems/activesupport-5.2.3/lib/active_support/notifications/fanout.rb,49,vendor/bundle/gems/activesupport-5.2.3/lib/active_support/notifications/instrumenter.rb,44,ActiveSupport::Notifications::Fanout#finish,4
251,return,vendor/bundle/gems/activesupport-5.2.3/lib/active_support/notifications/instrumenter.rb,45,vendor/bundle/gems/activesupport-5.2.3/lib/active_support/notifications/instrumenter.rb,29,ActiveSupport::Notifications::Instrumenter#finish_with_state,3
252,return,vendor/bundle/gems/activesupport-5.2.3/lib/active_support/notifications/instrumenter.rb,31,vendor/bundle/gems/activerecord-5.2.3/lib/active_record/connection_adapters/abstract/connection_pool.rb,969,ActiveSupport::Notifications::Instrumenter#instrument,2
253,call,vendor/bundle/gems/activerecord-5.2.3/lib/active_record/connection_adapters/abstract/connection_pool.rb,1058,vendor/bundle/gems/activerecord-5.2.3/lib/active_record/connection_adapters/abstract/connection_pool.rb,973,ActiveRecord::ConnectionAdapters::ConnectionHandler#owner_to_pool,2
254,call,vendor/bundle/gems/concurrent-ruby-1.1.5/lib/concurrent/map.rb,132,vendor/bundle/gems/activerecord-5.2.3/lib/active_record/connection_adapters/abstract/connection_pool.rb,1059,Concurrent::Map#[],3
255,call,vendor/bundle/gems/concurrent-ruby-1.1.5/lib/concurrent/collection/map/non_concurrent_map_backend.rb,19,vendor/bundle/gems/concurrent-ruby-1.1.5/lib/concurrent/map.rb,133,Concurrent::Map#[],4
256,return,vendor/bundle/gems/concurrent-ruby-1.1.5/lib/concurrent/collection/map/non_concurrent_map_backend.rb,21,vendor/bundle/gems/concurrent-ruby-1.1.5/lib/concurrent/map.rb,133,Concurrent::Map#[],4
257,return,vendor/bundle/gems/concurrent-ruby-1.1.5/lib/concurrent/map.rb,144,vendor/bundle/gems/activerecord-5.2.3/lib/active_record/connection_adapters/abstract/connection_pool.rb,1059,Concurrent::Map#[],3
258,return,vendor/bundle/gems/activerecord-5.2.3/lib/active_record/connection_adapters/abstract/connection_pool.rb,1060,vendor/bundle/gems/activerecord-5.2.3/lib/active_record/connection_adapters/abstract/connection_pool.rb,973,ActiveRecord::ConnectionAdapters::ConnectionHandler#owner_to_pool,2
259,call,vendor/bundle/gems/concurrent-ruby-1.1.5/lib/concurrent/map.rb,132,vendor/bundle/gems/activerecord-5.2.3/lib/active_record/connection_adapters/abstract/connection_pool.rb,973,Concurrent::Map#[],2
260,call,vendor/bundle/gems/concurrent-ruby-1.1.5/lib/concurrent/collection/map/non_concurrent_map_backend.rb,19,vendor/bundle/gems/concurrent-ruby-1.1.5/lib/concurrent/map.rb,133,Concurrent::Map#[],3
261,return,vendor/bundle/gems/concurrent-ruby-1.1.5/lib/concurrent/collection/map/non_concurrent_map_backend.rb,21,vendor/bundle/gems/concurrent-ruby-1.1.5/lib/concurrent/map.rb,133,Concurrent::Map#[],3
262,return,vendor/bundle/gems/concurrent-ruby-1.1.5/lib/concurrent/map.rb,144,vendor/bundle/gems/activerecord-5.2.3/lib/active_record/connection_adapters/abstract/connection_pool.rb,973,Concurrent::Map#[],2
263,return,vendor/bundle/gems/activerecord-5.2.3/lib/active_record/connection_adapters/abstract/connection_pool.rb,974,vendor/bundle/gems/activerecord-5.2.3/lib/active_record/connection_handling.rb,60,ActiveRecord::ConnectionAdapters::ConnectionHandler#establish_connection,1
264,return,vendor/bundle/gems/activerecord-5.2.3/lib/active_record/connection_handling.rb,61,(irb),7,ActiveRecord::ConnectionHandling.establish_connection,0
